"",tweet_id,airline_sentiment,airline_sentiment_confidence,negativereason,negativereason_confidence,airline,airline_sentiment_gold,name,negativereason_gold,retweet_count,text,tweet_coord,tweet_created,tweet_location,user_timezone
1,1741189120,negative,1,Can't Tell,0.6503,Delta,,nesi_1992,,0,@JetBlue is REALLY getting on my nerves !! 😡😡 #nothappy,,2015-02-16 23:43:02 -0800,undecided,Pacific Time (US & Canada)
2,1292390400,neutral,1,,,Delta,,JetBlueNews,,0,@JetBlue's new CEO seeks the right balance to please passengers and Wall ... - Greenfield Daily Reporter http://t.co/LM3opxkxch,,2015-02-16 23:36:05 -0800,USA,Sydney
3,-1542963200,negative,1,Late Flight,0.346,United,,CPoutloud,,0,@united yes. We waited in line for almost an hour to do so. Some passengers just left not wanting to wait past 1am.,,2015-02-16 23:48:48 -0800,Washington DC,
4,2059558914,negative,1,Late Flight,1,United,,brenduch,,0,@united the we got into the gate at IAH on time and have given our seats and closed the flight. If you know people is arriving have to wait,,2015-02-16 23:52:20 -0800,,Buenos Aires
5,423759872,negative,1,Customer Service Issue,0.3451,Southwest,,VahidESQ,,0,@SouthwestAir its cool that my bags take a bit longer dont give me baggage blue balls-turn the carousel on tell me it's coming then not.,,2015-02-17 00:00:36 -0800,Los Angeles CA,Pacific Time (US & Canada)
6,1010978817,negative,1,Bad Flight,0.6707,United,,brenduch,,0,@united and don't hope for me having a nicer flight some other time try to do things right. You sold me those tickets with that connetion,,2015-02-17 00:01:07 -0800,,Buenos Aires
7,1241665536,negative,1,Late Flight,1,United,,CRomerDome,,0,@united I like delays less than you because I'm the one on the plane. Connect me with a voucher,,2015-02-17 00:05:27 -0800,Portland OR,Pacific Time (US & Canada)
8,2038956033,negative,1,Customer Service Issue,0.3545,United,,JustOGG,,0,@united link to current status of flights/airports? Fly BWI-EWR-MCO this morning yet can't yet tell what any problems are except see snow.,,2015-02-17 01:18:29 -0800,Tweets = My Opinion,Eastern Time (US & Canada)
9,1292390400,neutral,1,,,Delta,,JetBlueNews,,0,@JetBlue's new CEO seeks the right balance to please passengers and Wall ... - Greenfield Daily Reporter http://t.co/LM3opxkxch,,2015-02-16 23:36:05 -0800,USA,Sydney